{"cameraMode":{"drawMode":0,"name":"Shaded","section":"Shading Mode"},"sceneLighting":true,"audioPlay":false,"sceneViewState":{"showFog":true,"showMaterialUpdate":false,"showSkybox":true,"showFlares":true,"showImageEffects":true,"showParticleSystems":true},"in2DMode":false,"pivot":{"x":27.48204803466797,"y":17.26062774658203,"z":32.97178649902344},"rotation":{"x":-0.1649140864610672,"y":-0.43079066276550295,"z":0.08038017153739929,"w":-0.8836354613304138},"size":13.281158447265625,"orthographic":false}